{
  "real_mean": {
    "mean": 0.000300271217374741,
    "variance": 8.728701551766986e-07
  },
  "real_std": {
    "mean": 0.017210884956328217,
    "variance": 3.596392337880004e-05
  },
  "real_corr": {
    "mean": -0.007190654418450261,
    "variance": 0.004546147282880436
  },
  "real_acf": {
    "mean": -0.006149808321018433,
    "variance": 0.00010269031353434605
  },
  "real_skew": {
    "mean": -0.45385125158521783,
    "variance": 1.149029323183323
  },
  "real_kurt": {
    "mean": 5.792374183078136,
    "variance": 91.6348877300128
  },
  "abs_real_mean": {
    "mean": 0.012224841816573913,
    "variance": 1.3549503233774879e-05
  },
  "abs_real_std": {
    "mean": 0.012056018324720573,
    "variance": 2.4162253360302648e-05
  },
  "abs_real_corr": {
    "mean": 0.10243763607391654,
    "variance": 0.006367931043359229
  },
  "abs_real_acf": {
    "mean": 0.039557250333325376,
    "variance": 0.000980930586366585
  },
  "abs_real_skew": {
    "mean": 2.5116083978702166,
    "variance": 1.7635483631741784
  },
  "abs_real_kurt": {
    "mean": 12.154844823457145,
    "variance": 279.2196441359126
  }
}