{
  "real_mean": {
    "mean": 0.0002508667992314886,
    "variance": 1.6567420100268087e-06
  },
  "real_std": {
    "mean": 0.027200481482491334,
    "variance": 0.00011644899935319641
  },
  "real_corr": {
    "mean": -0.11280234301118947,
    "variance": 0.01652183204513993
  },
  "real_acf": {
    "mean": -0.0062545402062878785,
    "variance": 0.00011881729807998136
  },
  "real_skew": {
    "mean": -0.5062543796846846,
    "variance": 0.8536757759513282
  },
  "real_kurt": {
    "mean": 8.399299855956649,
    "variance": 56.22419515690672
  },
  "abs_real_mean": {
    "mean": 0.017362740416886853,
    "variance": 3.995952654919946e-05
  },
  "abs_real_std": {
    "mean": 0.020841946669196205,
    "variance": 8.089167408043914e-05
  },
  "abs_real_corr": {
    "mean": 0.31874363746055984,
    "variance": 0.028779225421347827
  },
  "abs_real_acf": {
    "mean": 0.20238915117867276,
    "variance": 0.014613615603538617
  },
  "abs_real_skew": {
    "mean": 3.026904208488427,
    "variance": 1.0776533677276676
  },
  "abs_real_kurt": {
    "mean": 14.085366004685858,
    "variance": 143.3180433799399
  }
}