{
  "real_mean": {
    "mean": 0.00010639452449594166,
    "variance": 1.009786784059934e-06
  },
  "real_std": {
    "mean": 0.0202629864894103,
    "variance": 4.259492291195395e-05
  },
  "real_corr": {
    "mean": 0.0016800422572979883,
    "variance": 0.0036051880675374254
  },
  "real_acf": {
    "mean": -0.001703728877672383,
    "variance": 9.022082612873947e-05
  },
  "real_skew": {
    "mean": -0.1983212635001991,
    "variance": 0.8643945441647418
  },
  "real_kurt": {
    "mean": 4.355348951905481,
    "variance": 57.590622443015505
  },
  "abs_real_mean": {
    "mean": 0.014948178462604175,
    "variance": 2.3070749464177535e-05
  },
  "abs_real_std": {
    "mean": 0.013627723048156286,
    "variance": 2.1008290462875404e-05
  },
  "abs_real_corr": {
    "mean": 0.06695342954616722,
    "variance": 0.005213823155476734
  },
  "abs_real_acf": {
    "mean": 0.022784809267137728,
    "variance": 0.0006682028202531625
  },
  "abs_real_skew": {
    "mean": 2.2630513414434206,
    "variance": 1.534028122230727
  },
  "abs_real_kurt": {
    "mean": 10.527964886949205,
    "variance": 222.52288523626243
  }
}