{
  "real_mean": {
    "mean": 0.0001022061883033899,
    "variance": 1.3681571273595643e-06
  },
  "real_std": {
    "mean": 0.019755998886995876,
    "variance": 4.876392389799335e-05
  },
  "real_corr": {
    "mean": -0.0035691181697724505,
    "variance": 0.003849901302708566
  },
  "real_acf": {
    "mean": -0.006272685993616354,
    "variance": 9.766295916170534e-05
  },
  "real_skew": {
    "mean": -0.2831512601370613,
    "variance": 0.6369835162380334
  },
  "real_kurt": {
    "mean": 3.447313984845309,
    "variance": 44.91150398001786
  },
  "abs_real_mean": {
    "mean": 0.014706676721406976,
    "variance": 2.6819307665311165e-05
  },
  "abs_real_std": {
    "mean": 0.01315333845751158,
    "variance": 2.3378109593442766e-05
  },
  "abs_real_corr": {
    "mean": 0.07759571252915547,
    "variance": 0.005517369844097939
  },
  "abs_real_acf": {
    "mean": 0.030638218003158125,
    "variance": 0.0012809122158701774
  },
  "abs_real_skew": {
    "mean": 2.0153972428180573,
    "variance": 1.2713561725973521
  },
  "abs_real_kurt": {
    "mean": 8.281270429187671,
    "variance": 170.59811697562878
  }
}