{
  "real_mean": {
    "mean": 0.0005345151044062363,
    "variance": 8.769816615615095e-07
  },
  "real_std": {
    "mean": 0.014742667775016215,
    "variance": 2.2719810814416754e-05
  },
  "real_corr": {
    "mean": -0.009480469595419084,
    "variance": 0.004998550845466096
  },
  "real_acf": {
    "mean": -0.007968547302984333,
    "variance": 9.98848716112005e-05
  },
  "real_skew": {
    "mean": -0.41810855135076797,
    "variance": 1.5402909116735404
  },
  "real_kurt": {
    "mean": 6.918704805691366,
    "variance": 119.88155913014145
  },
  "abs_real_mean": {
    "mean": 0.010350806300197935,
    "variance": 1.0263562741266781e-05
  },
  "abs_real_std": {
    "mean": 0.010464412626045475,
    "variance": 1.386622340985828e-05
  },
  "abs_real_corr": {
    "mean": 0.11686796740545483,
    "variance": 0.006644608906993551
  },
  "abs_real_acf": {
    "mean": 0.03461604385228512,
    "variance": 0.0011066386908316435
  },
  "abs_real_skew": {
    "mean": 2.696636015485227,
    "variance": 2.068586047878338
  },
  "abs_real_kurt": {
    "mean": 13.938846051916256,
    "variance": 331.23585600720776
  }
}