{
  "real_mean": {
    "mean": 0.00046187439850627743,
    "variance": 1.3284360313875832e-06
  },
  "real_std": {
    "mean": 0.019949407362697933,
    "variance": 7.146245217393665e-05
  },
  "real_corr": {
    "mean": -0.028253145599255305,
    "variance": 0.008339522763655578
  },
  "real_acf": {
    "mean": -0.005986483932902029,
    "variance": 0.00011051347365966947
  },
  "real_skew": {
    "mean": -0.3082256538062542,
    "variance": 1.1517017529061542
  },
  "real_kurt": {
    "mean": 5.963139760460805,
    "variance": 89.72333225408929
  },
  "abs_real_mean": {
    "mean": 0.014051895418308985,
    "variance": 2.9583035683860077e-05
  },
  "abs_real_std": {
    "mean": 0.014074690935558184,
    "variance": 4.496304286347395e-05
  },
  "abs_real_corr": {
    "mean": 0.1287315268683126,
    "variance": 0.017986120346693148
  },
  "abs_real_acf": {
    "mean": 0.05945562712385973,
    "variance": 0.0076897075592282475
  },
  "abs_real_skew": {
    "mean": 2.543309027169422,
    "variance": 1.7835842065516274
  },
  "abs_real_kurt": {
    "mean": 12.362006828286411,
    "variance": 260.2199056016173
  }
}