{
  "real_mean": {
    "mean": 0.0013087802292630819,
    "variance": 1.283479335678166e-06
  },
  "real_std": {
    "mean": 0.023069424212883025,
    "variance": 9.346589537176227e-05
  },
  "real_corr": {
    "mean": -0.0650316465720608,
    "variance": 0.008801488785189715
  },
  "real_acf": {
    "mean": -0.011086347529069467,
    "variance": 8.21031267513052e-05
  },
  "real_skew": {
    "mean": -0.06597911236353993,
    "variance": 0.6570574372005972
  },
  "real_kurt": {
    "mean": 4.6968604568003,
    "variance": 34.679446491922945
  },
  "abs_real_mean": {
    "mean": 0.016450384251795604,
    "variance": 4.0368568780411215e-05
  },
  "abs_real_std": {
    "mean": 0.016145744491376478,
    "variance": 5.5784044666019764e-05
  },
  "abs_real_corr": {
    "mean": 0.162069444824017,
    "variance": 0.017829594577506575
  },
  "abs_real_acf": {
    "mean": 0.08038722930359592,
    "variance": 0.0075707337019873325
  },
  "abs_real_skew": {
    "mean": 2.375056058565234,
    "variance": 1.1265440971746654
  },
  "abs_real_kurt": {
    "mean": 10.356776248380955,
    "variance": 136.66054381875065
  }
}