{
  "real_mean": {
    "mean": 0.0006379011240289849,
    "variance": 1.1028947423706282e-06
  },
  "real_std": {
    "mean": 0.016914778217256343,
    "variance": 3.314309875115838e-05
  },
  "real_corr": {
    "mean": -0.0008447024061253245,
    "variance": 0.00439803368090937
  },
  "real_acf": {
    "mean": -0.0027929086631764176,
    "variance": 0.0001225359465247408
  },
  "real_skew": {
    "mean": -0.2509050678694112,
    "variance": 2.2433319875650675
  },
  "real_kurt": {
    "mean": 8.257534483542031,
    "variance": 202.27374300837576
  },
  "abs_real_mean": {
    "mean": 0.01194067867480576,
    "variance": 1.3251759005661155e-05
  },
  "abs_real_std": {
    "mean": 0.011925376409220074,
    "variance": 2.2111280273768887e-05
  },
  "abs_real_corr": {
    "mean": 0.05889802172952772,
    "variance": 0.0055562823691071
  },
  "abs_real_acf": {
    "mean": 0.005773320445291043,
    "variance": 0.00036254589804580475
  },
  "abs_real_skew": {
    "mean": 2.936516737489234,
    "variance": 2.8559327581254865
  },
  "abs_real_kurt": {
    "mean": 17.344968212502824,
    "variance": 487.5350891766961
  }
}